{
    "engcal": [
        -1.1123419829942613,
        0.4953174877190315,
        4.251933000753037e-07
    ],
    "effcal": [
        0.01735698353749259,
        83.57259038241139,
        1.4994828751657667,
        1.0097003097650934,
        5.305400342306861
    ],
    "unc_effcal": [
        [
            0.00018564213235045205,
            1210496.4061297036,
            0.001598443649221775,
            0.008378209391852989,
            -0.10918762624897385
        ],
        [
            1210496.4061297036,
            1.4056588544838674e+18,
            53594571.718636766,
            90288681.77976045,
            -806470967.630736
        ],
        [
            0.0015984436492217755,
            53594571.718636766,
            0.02902027079375491,
            0.09348822168709761,
            -1.0214592695308622
        ],
        [
            0.008378209391852989,
            90288681.77976045,
            0.09348822168709761,
            0.42975882118292313,
            -5.18675804933364
        ],
        [
            -0.10918762624897387,
            -806470967.630736,
            -1.0214592695308622,
            -5.1867580493336405,
            65.64059326367273
        ]
    ],
    "rescal": [
        1.6913813302156302,
        0.0005540548185898136
    ],
    "_calib_data": {
        "engcal": {
            "channel": [
                157.90340000003076,
                165.94359499248367,
                326.2340330307773,
                452.717750559584,
                559.687573663337,
                612.9977567182596,
                720.0569311866847,
                776.086510958035,
                1337.8003999999999,
                249.14759999999998,
                497.28634997970033,
                600.3581999999999,
                697.4163999999998,
                744.3404004455602,
                832.3174613947942,
                898.4879269362407,
                988.2842899158469,
                1140.6821999999997,
                1184.8353340081835,
                1369.9026830945877,
                1391.1601599248431,
                1572.6351923995906,
                1750.702328239021,
                1945.2343938648423,
                2027.3535012234174,
                2190.225946281874,
                2198.4706584362043,
                2242.9005837582167,
                2445.853475201109,
                2619.1920576614416,
                2838.086302351398,
                2938.230885160037
            ],
            "energy": [
                79.6142,
                80.9979,
                160.612,
                223.2368,
                276.3989,
                302.8508,
                356.0129,
                383.8485,
                661.657,
                121.7817,
                244.6974,
                295.9387,
                344.2785,
                367.7891,
                411.1165,
                443.9606,
                488.6792,
                563.986,
                586.2648,
                678.623,
                688.67,
                778.9045,
                867.38,
                964.057,
                1005.27,
                1085.837,
                1089.737,
                1112.076,
                1212.948,
                1299.142,
                1408.013,
                1457.643
            ],
            "unc_channel": [
                0.250082180189095,
                0.017617211399929496,
                0.13232350521109254,
                0.04179993813446388,
                0.012012328924485316,
                0.012013884648050727,
                0.012518657019708928,
                0.011802329472050038,
                0.02100778726597493,
                0.04418691831053686,
                0.01850180042932085,
                0.04580645466679561,
                0.024912571311056012,
                0.022398604131812806,
                0.021859830527696973,
                0.015278904719987097,
                0.046608417976965445,
                0.06198213070728775,
                0.07858571941260838,
                0.11253713103236046,
                0.04455346122604686,
                0.013795330354804588,
                0.03336222252439889,
                0.01727446898292362,
                0.06144317698556287,
                0.026327751922521587,
                0.11392063057034707,
                0.019184250540348724,
                0.02924869364649773,
                0.031320727032243645,
                0.028449959124024718,
                0.05956865974679554
            ],
            "fit": [
                -1.1123419829942613,
                0.4953174877190315,
                4.251933000753037e-07
            ],
            "unc": [
                [
                    0.034892864958732873,
                    -5.808827727993221e-05,
                    1.849111277205275e-08
                ],
                [
                    -5.808827727993221e-05,
                    1.0924388176107792e-07,
                    -3.6677581371533144e-11
                ],
                [
                    1.849111277205275e-08,
                    -3.6677581371533144e-11,
                    1.2965912124369683e-14
                ]
            ]
        },
        "rescal": {
            "channel": [
                157.90340000003076,
                165.94359499248367,
                326.2340330307773,
                452.717750559584,
                600.3581999999999,
                988.2842899158469,
                1184.8353340081835,
                1391.1601599248431,
                1572.6351923995906,
                1750.702328239021,
                1945.2343938648423,
                2027.3535012234174,
                2190.225946281874,
                2198.4706584362043,
                2242.9005837582167,
                2445.853475201109,
                2619.1920576614416,
                2838.086302351398,
                2938.230885160037
            ],
            "width": [
                3.0965999999999996,
                1.9035558396734296,
                3.194399999999997,
                1.8712918016808946,
                2.3575286051576168,
                2.0110615362854554,
                2.6225546096320222,
                2.752604224541974,
                2.581006440842607,
                2.6166460528041093,
                2.74517783718526,
                2.594466800602188,
                2.810145530966648,
                2.4414407282037294,
                2.872629886980102,
                2.893876514393497,
                2.9419027677166483,
                3.2765919123239864,
                3.396593919739248
            ],
            "unc_width": [
                0.8146008595668216,
                0.05067647379596408,
                0.4394294034763922,
                0.1350785548461051,
                0.148647790175934,
                0.15150288878599447,
                0.2544627557054061,
                0.14255811787042366,
                0.039257841204471,
                0.10046992831214052,
                0.04836603964145586,
                0.19033031969727654,
                0.07629813785070344,
                0.2963308155104365,
                0.05407615404979792,
                0.0904310563759334,
                0.09398042066545828,
                0.0783565660444734,
                0.18737025038458036
            ],
            "fit": [
                1.6913813302156302,
                0.0005540548185898136
            ],
            "unc": [
                [
                    0.00922278637495439,
                    -6.33622401251927e-06
                ],
                [
                    -6.33622401251927e-06,
                    6.08019157679544e-09
                ]
            ]
        },