{
    "engcal": [
        0.43178713606769303,
        0.18256201202406222,
        4.4082598889207217e-08
    ],
    "effcal": [
        0.004559311020775125,
        73.03323489985249,
        2.0216043093398577,
        1.7406597602807974,
        0.4807848167863529
    ],
    "unc_effcal": [
        [
            1.3909532876714174e-07,
            3623.899931334687,
            6.865615976540142e-05,
            0.0001362115852671458,
            -6.471597752178036e-05
        ],
        [
            3623.899931334687,
            576096525509754.4,
            2684681.4338578787,
            4084340.5642381976,
            -1811804.27893207
        ],
        [
            6.86561597654014e-05,
            2684681.433857879,
            0.042658224060795176,
            0.07558676895596912,
            -0.03404615492302069
        ],
        [
            0.0001362115852671458,
            4084340.5642381976,
            0.07558676895596914,
            0.1443886966683698,
            -0.06658561899554968
        ],
        [
            -6.471597752178036e-05,
            -1811804.27893207,
            -0.03404615492302069,
            -0.06658561899554968,
            0.031131891371278374
        ]
    ],
    "rescal": [
        2.327156993279977,
        0.0003668501301695988
    ],
    "_calib_data": {
        "engcal": {
            "channel": [
                664.4063418627239,
                1338.5691425008047,
                1617.6996754574543,
                1882.6434106816243,
                2010.762560036043,
                2248.0411121949005,
                2426.140867429082,
                2429.4549999999995,
                2672.181724494818,
                3084.460138138939,
                3206.3002450774575,
                3711.497548603865,
                3766.0548366179246,
                4259.342664766394,
                4742.917917558106,
                5026.670371343651,
                5271.154503218758,
                5494.907746963398,
                5936.515975774104,
                5957.9220626186725,
                6079.702715747453,
                6631.34201381859,
                7102.406391878879,
                7697.5267071380795,
                7970.777799999999,
                8354.757217948392
            ],
            "energy": [
                121.7817,
                244.6974,
                295.9387,
                344.2785,
                367.7891,
                411.1165,
                443.9606,
                444.01,
                488.6792,
                563.986,
                586.2648,
                678.623,
                688.67,
                778.9045,
                867.38,
                919.337,
                964.057,
                1005.27,
                1085.837,
                1089.737,
                1112.076,
                1212.948,
                1299.142,
                1408.013,
                1457.643,
                1528.1
            ],
            "unc_channel": [
                0.005378681917856319,
                0.011038181013777779,
                0.09029028292285445,
                0.006919332925368262,
                0.058136401813383726,
                0.03394426311918742,
                0.9476201098483461,
                1.4242126806328963,
                0.10543258729083822,
                0.23986163752318845,
                0.24666303365546932,
                0.17191772227744265,
                0.09205648586555536,
                0.017921202464076937,
                0.04954330980108984,
                0.1931343809483399,
                0.02371448401664634,
                0.18385953787384068,
                0.03427229941380265,
                0.09023256657596335,
                0.0275733085309498,
                0.10615866296142162,
                0.10327617663862108,
                0.037421227846393006,
                1.3284282758516404,
                0.29844207376172965
            ],
            "fit": [
                0.43178713606769303,
                0.18256201202406222,
                4.4082598889207217e-08
            ],
            "unc": [
                [
                    0.0017408190881111514,
                    -1.4727898379871184e-06,
                    1.9760786769966965e-10
                ],
                [
                    -1.4727898379871184e-06,
                    1.5494781560529925e-09,
                    -2.2243139091137502e-13
                ],
                [
                    1.9760786769966965e-10,
                    -2.2243139091137502e-13,
                    3.472753510978257e-17
                ]
            ]
        },
        "rescal": {
            "channel": [
                664.4063418627239,
                1338.5691425008047,
                1617.6996754574543,
                1882.6434106816243,
                2010.762560036043,
                2248.0411121949005,
                2426.140867429082,
                2672.181724494818,
                3084.460138138939,
                3206.3002450774575,
                3711.497548603865,
                3766.0548366179246,
                4259.342664766394,
                4742.917917558106,
                5026.670371343651,
                5271.154503218758,
                5936.515975774104,
                5957.9220626186725,
                6079.702715747453,
                6631.34201381859,
                7102.406391878879,
                7697.5267071380795,
                8354.757217948392
            ],
            "width": [
                2.582111534293569,
                2.7790530647411202,
                3.7819283604165603,
                3.001473517836002,
                3.0476443043265493,
                3.2974226198048155,
                2.428507520330592,
                3.348415728244475,
                4.848,
                3.269636241661405,
                3.3564246741939394,
                4.008665030126624,
                3.905463529399933,
                4.186045675982835,
                4.025038756262212,
                4.204785783939181,
                4.561011046657053,
                3.8463079855305087,
                4.563089411019401,
                4.839689059232829,
                5.1342772562244425,
                5.174999365228652,
                5.382747408092902
            ],
            "unc_width": [
                0.014462337890416843,
                0.030972817584574427,
                0.2860941418671179,
                0.01798405949778497,
                0.17904765163974562,
                0.0980864389264307,
                0.7990466101825242,
                0.33325389677913636,
                0.7756238086614562,
                0.775752496629192,
                0.5376605507754469,
                0.28053287470084237,
                0.04786999966108288,
                0.14224547196821638,
                0.5821223019619726,
                0.06199101478142041,
                0.09336675526433015,
                0.2785472012606621,
                0.0734926974152328,
                0.302613399645088,
                0.2806442672591053,
                0.09044950242010188,
                0.6919319672873241
            ],
            "fit": [
                2.327156993279977,
                0.0003668501301695988
            ],
            "unc": [
                [
                    0.0003908491666997544,
                    -1.2951119085685583e-07
                ],
                [
                    -1.2951119085685583e-07,
                    7.710672585616597e-11
                ]
            ]
        },