{
    "engcal": [
        -1.1123412686465903,
        0.4953174872551509,
        4.251932889331097e-07
    ],
    "effcal": [
        0.017401774822271423,
        89.3067969957355,
        1.4996500943781592,
        1.0141580472002576,
        5.270254032140052
    ],
    "unc_effcal": [
        [
            0.0001817640328204007,
            1.6825325505084155e-16,
            0.0015510871543676845,
            0.00823766961307756,
            -0.10606109608804362
        ],
        [
            1.6825325505084155e-16,
            1.5946152779582543e-28,
            1.566692954757654e-15,
            8.046125128075373e-15,
            -1.0045817539737176e-13
        ],
        [
            0.0015510871543676843,
            1.5666929547576537e-15,
            0.027222654830121804,
            0.09075486334459901,
            -0.9837045237992478
        ],
        [
            0.00823766961307756,
            8.046125128075372e-15,
            0.09075486334459901,
            0.4247439235401426,
            -5.0639712606069915
        ],
        [
            -0.10606109608804362,
            -1.0045817539737176e-13,
            -0.9837045237992478,
            -5.0639712606069915,
            63.28833928464652
        ]
    ],
    "rescal": [
        1.6913813277259548,
        0.0005540548209517547
    ],
    "_calib_data": {
        "engcal": {
            "channel": [
                1337.8003999999999,
                157.90340000003076,
                165.9435949925842,
                326.2340330304412,
                452.71775055953583,
                559.6875736631536,
                612.9977567183258,
                720.0569311866515,
                776.0865109580983,
                249.14759999999998,
                497.2863499797252,
                600.3581999999999,
                697.4163999999998,
                744.3404004455239,
                832.3174613947955,
                898.4879269362549,
                988.2842899154156,
                1140.6821999999997,
                1184.8353340082035,
                1369.9026830942798,
                1391.1601599252342,
                1572.6351923995915,
                1750.702328238975,
                1945.2343938647737,
                2027.3535012234315,
                2190.225946281985,
                2198.4706584374653,
                2242.9005837582386,
                2445.8534752009273,
                2619.19205766148,
                2838.0863023513575,
                2938.2308851599964
            ],
            "energy": [
                661.657,
                79.6142,
                80.9979,
                160.612,
                223.2368,
                276.3989,
                302.8508,
                356.0129,
                383.8485,
                121.7817,
                244.6974,
                295.9387,
                344.2785,
                367.7891,
                411.1165,
                443.9606,
                488.6792,
                563.986,
                586.2648,
                678.623,
                688.67,
                778.9045,
                867.38,
                964.057,
                1005.27,
                1085.837,
                1089.737,
                1112.076,
                1212.948,
                1299.142,
                1408.013,
                1457.643
            ],
            "unc_channel": [
                0.021007787278573893,
                0.25008217944111677,
                0.017617211451381433,
                0.13232350544742522,
                0.0417999380722998,
                0.012012328919319444,
                0.012013884651363873,
                0.012518657014615499,
                0.011802329470545433,
                0.04418691835053393,
                0.018501800434358152,
                0.045806454586670285,
                0.024912571304004764,
                0.02239860413141651,
                0.021859830523297753,
                0.015278904720944462,
                0.046608417576463286,
                0.061982130653147505,
                0.07858571952054505,
                0.1125371312377862,
                0.04455346107866688,
                0.013795330355849997,
                0.03336222249338661,
                0.017274468982466314,
                0.06144317703111196,
                0.0263277516876365,
                0.11392062981401696,
                0.019184250542059463,
                0.02924869362164544,
                0.031320727041551887,
                0.028449959127728703,
                0.05956865974388829
            ],
            "fit": [
                -1.1123412686465903,
                0.4953174872551509,
                4.251932889331097e-07
            ],
            "unc": [
                [
                    0.03489215624354854,
                    -5.808694925405285e-05,
                    1.849071486541333e-08
                ],
                [
                    -5.808694925405285e-05,
                    1.0924132106921287e-07,
                    -3.667679590791738e-11
                ],
                [
                    1.849071486541333e-08,
                    -3.667679590791738e-11,
                    1.2965671363318256e-14
                ]
            ]
        },
        "rescal": {
            "channel": [
                157.90340000003076,
                165.9435949925842,
                326.2340330304412,
                452.71775055953583,
                600.3581999999999,
                988.2842899154156,
                1184.8353340082035,
                1391.1601599252342,
                1572.6351923995915,
                1750.702328238975,
                1945.2343938647737,
                2027.3535012234315,
                2190.225946281985,
                2198.4706584374653,
                2242.9005837582386,
                2445.8534752009273,
                2619.19205766148,
                2838.0863023513575,
                2938.2308851599964
            ],
            "width": [
                3.0965999999999996,
                1.9035558400786456,
                3.1943999999999964,
                1.8712918030216281,
                2.3575286005957707,
                2.0110615235992557,
                2.622554615859929,
                2.7526042234828765,
                2.5810064413470517,
                2.6166460526439876,
                2.7451778376217413,
                2.5944668027088635,
                2.810145530622182,
                2.4414407233158064,
                2.8726298863379616,
                2.8938765116107255,
                2.941902768136431,
                3.276591912977647,
                3.3965939211025526
            ],
            "unc_width": [
                0.8146008449308515,
                0.050676473997442455,
                0.4394294032237958,
                0.13507855514676076,
                0.14864779206644016,
                0.1515028885449025,
                0.25446275768876714,
                0.14255811708889204,
                0.03925784132185197,
                0.1004699278463941,
                0.048366039699477024,
                0.19033031945737694,
                0.07629813797752315,
                0.29633081751553747,
                0.054076154227269274,
                0.0904310557423965,
                0.09398042052914506,
                0.0783565661870223,
                0.18737025135265742
            ],
            "fit": [
                1.6913813277259548,
                0.0005540548209517547
            ],
            "unc": [
                [
                    0.00922278598136772,
                    -6.336223612928638e-06
                ],
                [
                    -6.336223612928638e-06,
                    6.0801912078033715e-09
                ]
            ]
        },