{
    "engcal": [
        -1.25630126770284,
        0.49551840003227116,
        3.6037846499703633e-07
    ],
    "effcal": [
        0.016807596685179428,
        95.75967665565238,
        1.4719520763583953,
        0.9660595081416169,
        5.689469910997635
    ],
    "unc_effcal": [
        [
            0.000217698941459761,
            4.232467885994906e-17,
            0.001397011568133605,
            0.008300819229742787,
            -0.13224422715476566
        ],
        [
            4.232467885994905e-17,
            8.42432884161772e-30,
            3.0270134861794515e-16,
            1.716348788847881e-15,
            -2.6333527560233802e-14
        ],
        [
            0.0013970115681336047,
            3.0270134861794515e-16,
            0.02883473130630834,
            0.08002827720182654,
            -0.9546721273465624
        ],
        [
            0.008300819229742787,
            1.7163487888478813e-15,
            0.08002827720182652,
            0.37812365257824554,
            -5.373754458167915
        ],
        [
            -0.13224422715476564,
            -2.6333527560233802e-14,
            -0.9546721273465624,
            -5.373754458167915,
            82.31970394511629
        ]
    ],
    "rescal": [
        1.7083820171678576,
        0.0005561638452594251
    ],
    "_calib_data": {
        "engcal": {
            "channel": [
                157.90340000003076,
                165.9435949925842,
                326.2340330304412,
                452.71775055953583,
                559.6875736631536,
                612.9977567183258,
                720.0569311866515,
                776.0865109580983,
                1337.8003999999999,
                249.68658961382013,
                497.2863505864697,
                600.6774036482071,
                697.7518294144656,
                744.3404013568646,
                832.3174622500748,
                898.4879272462179,
                988.284289928722,
                1141.2372389202646,
                1184.8353442711225,
                1369.9013489178176,
                1391.1601613717512,
                1455.8711999999998,
                1572.6351936037227,
                1636.1497650673236,
                1750.702328467945,
                1855.5345452198596,
                1870.26224074925,
                1945.2343943123208,
                2027.3534978402708,
                2190.2259606479474,
                2198.47073362488,
                2242.900580422491,
                2445.853472752528,
                2619.1920583550923,
                2838.086309813389,
                2938.2308823361072,
                3080.9542082275084
            ],
            "energy": [
                79.6142,
                80.9979,
                160.612,
                223.2368,
                276.3989,
                302.8508,
                356.0129,
                383.8485,
                661.657,
                121.7817,
                244.6974,
                295.9387,
                344.2785,
                367.7891,
                411.1165,
                443.9606,
                488.6792,
                563.986,
                586.2648,
                678.623,
                688.67,
                719.346,
                778.9045,
                810.451,
                867.38,
                919.337,
                926.31,
                964.057,
                1005.27,
                1085.837,
                1089.737,
                1112.076,
                1212.948,
                1299.142,
                1408.013,
                1457.643,
                1528.1
            ],
            "unc_channel": [
                0.25008217944111677,
                0.017617211451381433,
                0.13232350544742522,
                0.0417999380722998,
                0.012012328919319444,
                0.012013884651363873,
                0.012518657014615499,
                0.011802329470545433,
                0.021007787278573893,
                0.027799854670847713,
                0.01855699892403073,
                0.04058972199043006,
                0.016775653530318388,
                0.02601571561851362,
                0.022459663960914426,
                0.015414042000976888,
                0.04625617937250619,
                0.05589708965340463,
                0.07884107372287998,
                0.11382504506683284,
                0.04504235085785372,
                0.24557203120488852,
                0.013717155273803776,
                0.06986870736216497,
                0.03333401550474774,
                0.0631310100978918,
                0.17257513780475198,
                0.0173354667553751,
                0.061476200558905694,
                0.026134926221858007,
                0.11308326966316459,
                0.020393466142079923,
                0.028496750239628728,
                0.031146238227510194,
                0.028489247774686477,
                0.059568526797755275,
                0.06393075445539802
            ],
            "fit": [
                -1.25630126770284,
                0.49551840003227116,
                3.6037846499703633e-07
            ],
            "unc": [
                [
                    0.035292909567019755,
                    -5.834008268224449e-05,
                    1.8357196011388245e-08
                ],
                [
                    -5.834008268224449e-05,
                    1.0975126801838441e-07,
                    -3.65290573766079e-11
                ],
                [
                    1.8357196011388245e-08,
                    -3.65290573766079e-11,
                    1.2845898223066645e-14
                ]
            ]
        },
        "rescal": {
            "channel": [
                157.90340000003076,
                165.9435949925842,
                326.2340330304412,
                452.71775055953583,
                600.6774036482071,
                988.284289928722,
                1184.8353442711225,
                1391.1601613717512,
                1455.8711999999998,
                1572.6351936037227,
                1636.1497650673236,
                1750.702328467945,
                1855.5345452198596,
                1870.26224074925,
                1945.2343943123208,
                2027.3534978402708,
                2190.2259606479474,
                2198.47073362488,
                2242.900580422491,
                2445.853472752528,
                2619.1920583550923,
                2838.086309813389,
                2938.2308823361072
            ],
            "width": [
                3.0965999999999996,
                1.9035558400786456,
                3.1943999999999964,
                1.8712918030216281,
                2.3353039545399117,
                2.011068495628857,
                2.6225444511770046,
                2.7525968671782115,
                3.8711999999999995,
                2.5809974489266327,
                2.9304585194237687,
                2.61664242955319,
                2.295751509994622,
                3.799592150286037,
                2.7451765955177625,
                2.5944751003705018,
                2.810154009868704,
                2.441381620245557,
                2.872640446355538,
                2.8938929040314028,
                2.9418968420923757,
                3.2765754917846763,
                3.3965854337491845
            ],